{"cpu_user_rate_min": -81.54488298283508, "cpu_user_rate_max": 612.3194014468388, "cpu_rx_rate_min": -1.5721120984278905, "cpu_rx_rate_max": 1.7401649881967842, "cpu_tx_rate_min": -2.2175059675059656, "cpu_tx_rate_max": 3.187121547777281, "bytes_received_rate_min": -99.99993451970056, "bytes_received_rate_max": 133817133.62715554, "bytes_transmitted_rate_min": -99.99812795365143, "bytes_transmitted_rate_max": 7168264.694614017, "dl_bytes_rate_min": -96.67917889449201, "dl_bytes_rate_max": 10876650.295409106, "ul_bytes_rate_min": -100.0, "ul_bytes_rate_max": 56951.96172020428, "mem_rate_min": -15.854061561373124, "mem_rate_max": 4.239014523546822}