{"cpu_threshold": 0.005447114529010355, "mem_threshold": 9.673060427331398e-05, "cpu_tx_threshold": 0.0003757725203039039, "cpu_rx_threshold": 0.00029498560403531547, "net_up_threshold": 0.00010103486869689653, "net_down_threshold": 1.1848381415378717e-06, "net_5g_up_threshold": 0.0013654805609059969, "net_5g_down_threshold": 0.0005398981168290451, "overall_threshold": 0.002163813443078537}