{
    "message": "ue_get",
    "time": 1032.206,
    "ue_list": [
        {
            "enb_ue_id": 14,
            "linked_ran_ue_id": 15,
            "mme_ue_id": 107,
            "rnti": 17929,
            "cells": [
                {
                    "cell_id": 1,
                    "dl_bitrate": 1.705086000275139,
                    "ul_bitrate": 0,
                    "dl_tx": 4,
                    "ul_tx": 0,
                    "dl_retx": 2,
                    "ul_retx": 0,
                    "pucch1_snr": 9.645879745483398,
                    "pusch_snr": 21.601436614990234,
                    "epre": -50.2440185546875,
                    "ul_phr": 40,
                    "ul_path_loss": 74.19113159179688,
                    "dl_mcs": 15,
                    "cqi": 11,
                    "ri": 2
                }
            ]
        },
        {
            "ran_ue_id": 15,
            "linked_enb_ue_id": 14,
            "rnti": 17930,
            "cells": [
                {
                    "cell_id": 2,
                    "dl_bitrate": 1.8600938184819698,
                    "ul_bitrate": 0,
                    "dl_tx": 2,
                    "ul_tx": 0,
                    "dl_retx": 0,
                    "ul_retx": 0,
                    "dl_mcs": 13,
                    "ri": 2
                }
            ]
        }
    ],
    "message_id": "id#1"
}
